contrast,range_min,range_max,avg
NC,62,132,95.2054263565891
WC,125.25,232,167.488195615514
