contrast,range_min,range_max,avg
NC,62,132,95.1356589147287
WC,125.25,232,167.488195615514
